{
    "Bleu@1": 0.2791941522552542,
    "Bleu@2": 0.18135900359631146,
    "Bleu@3": 0.136363803194249,
    "Bleu@4": 0.10922579479773797,
    "rouge": {
        "rouge-1": {
            "r": 0.3146650394584152,
            "p": 0.2649165869667502,
            "f": 0.26874619126504645
        },
        "rouge-2": {
            "r": 0.14992959160629585,
            "p": 0.11773590251376055,
            "f": 0.12171339366848781
        },
        "rouge-l": {
            "r": 0.28107902508930316,
            "p": 0.23278869053123188,
            "f": 0.23798367190326522
        }
    },
    "meteor": 0.241831004664897,
    "bertscore": {
        "P": 0.8634741306304932,
        "R": 0.8508391380310059,
        "F1": 0.8567585945129395
    },
    "MoverScore": 0.5547488633821915
}