{
    "Bleu@1": 0.13464526152249232,
    "Bleu@2": 0.04517314241316564,
    "Bleu@3": 0.010248038717205333,
    "Bleu@4": 7.315942262586032e-07,
    "rouge": {
        "rouge-1": {
            "r": 0.13757249536529706,
            "p": 0.2664090612570406,
            "f": 0.17591999478248582
        },
        "rouge-2": {
            "r": 0.0179122016472527,
            "p": 0.03902923886756827,
            "f": 0.02384349534756415
        },
        "rouge-l": {
            "r": 0.1239530841772623,
            "p": 0.24204324008719474,
            "f": 0.15874433198687923
        }
    },
    "meteor": 0.2035652790730492,
    "bertscore": {
        "P": 0.855154275894165,
        "R": 0.8373803496360779,
        "F1": 0.846102774143219
    },
    "MoverScore": 0.5306039228571355
}