{"Bleu@1": 0.26732030733763246, "Bleu@2": 0.17240587175906058, "Bleu@3": 0.12981114500173452, "Bleu@4": 0.10365578305161567, "rouge": {"rouge-1": {"r": 0.32614147063911114, "p": 0.2603862849781106, "f": 0.2741681825911315}, "rouge-2": {"r": 0.15081639592476512, "p": 0.11307733581785895, "f": 0.1211102468720258}, "rouge-l": {"r": 0.295892055903203, "p": 0.23523514003008153, "f": 0.24810849465246873}}, "meteor": 0.24654335752327536, "bertscore": {"P": 0.8679205179214478, "R": 0.8613159656524658, "F1": 0.8643145561218262}, "MoverScore": 0.5607821884533158}