{
    "Bleu@1": 0.25545052341898894,
    "Bleu@2": 0.12148534353159249,
    "Bleu@3": 0.06421255684562358,
    "Bleu@4": 0.03793070749996885,
    "rouge": {
        "rouge-1": {
            "r": 0.28437322710051766,
            "p": 0.27079054286809473,
            "f": 0.2663236014902704
        },
        "rouge-2": {
            "r": 0.07964763149187473,
            "p": 0.07170982375539216,
            "f": 0.07241726584638096
        },
        "rouge-l": {
            "r": 0.26009940306774887,
            "p": 0.24788947350664187,
            "f": 0.24390052687285535
        }
    },
    "meteor": 0.19425022914431828,
    "bertscore": {
        "P": 0.8655732274055481,
        "R": 0.8657318353652954,
        "F1": 0.8655449151992798
    },
    "MoverScore": 0.5610803387426351
}