{
    "Bleu@1": 0.30297671377213503,
    "Bleu@2": 0.15397670073601935,
    "Bleu@3": 0.08314281362059084,
    "Bleu@4": 0.04821978284342589,
    "rouge": {
        "rouge-1": {
            "r": 0.2661980786247757,
            "p": 0.304575795020081,
            "f": 0.27570643331726336
        },
        "rouge-2": {
            "r": 0.08367839459594566,
            "p": 0.08745075155933245,
            "f": 0.08249144095498882
        },
        "rouge-l": {
            "r": 0.24330073188146908,
            "p": 0.27846191211356386,
            "f": 0.2523923566868626
        }
    },
    "meteor": 0.25340679296430346,
    "bertscore": {
        "P": 0.8710838556289673,
        "R": 0.8635700345039368,
        "F1": 0.8672316670417786
    },
    "MoverScore": 0.5611630608407411
}