{
    "Bleu@1": 0.26417889058875854,
    "Bleu@2": 0.13673861443758903,
    "Bleu@3": 0.0769851729655818,
    "Bleu@4": 0.047404219696164346,
    "rouge": {
        "rouge-1": {
            "r": 0.2976400624173887,
            "p": 0.2925322356590436,
            "f": 0.28552045363663875
        },
        "rouge-2": {
            "r": 0.09881099266304717,
            "p": 0.08924444036577049,
            "f": 0.0908464839896735
        },
        "rouge-l": {
            "r": 0.2757845262490795,
            "p": 0.273925745305153,
            "f": 0.26602805662495943
        }
    },
    "meteor": 0.23482467813133207,
    "bertscore": {
        "P": 0.8709443807601929,
        "R": 0.8706216812133789,
        "F1": 0.8706915974617004
    },
    "MoverScore": 0.5651523564880923
}