{"Bleu@1": 0.5267839094399581, "Bleu@2": 0.43223275893558855, "Bleu@3": 0.3674884869437656, "Bleu@4": 0.3167031338133797, "rouge": {"rouge-1": {"r": 0.6097239821645901, "p": 0.5600370099008866, "f": 0.5650436339131247}, "rouge-2": {"r": 0.4253580409522997, "p": 0.37955099393672675, "f": 0.3841448931532141}, "rouge-l": {"r": 0.5725782670672492, "p": 0.5238278391960954, "f": 0.5291905536223628}}, "meteor": 0.5396251013400444, "bertscore": {"P": 0.9305934309959412, "R": 0.9175683856010437, "F1": 0.9237098097801208}, "MoverScore": 0.6433893986357873}