{
    "Bleu@1": 0.4699589944730843,
    "Bleu@2": 0.3757444684653201,
    "Bleu@3": 0.31292872865634525,
    "Bleu@4": 0.26332503209864044,
    "rouge": {
        "rouge-1": {
            "r": 0.555322918829294,
            "p": 0.551975966032219,
            "f": 0.5316757481592223
        },
        "rouge-2": {
            "r": 0.36921086712848095,
            "p": 0.364158216874714,
            "f": 0.346798360916925
        },
        "rouge-l": {
            "r": 0.5209758712196968,
            "p": 0.5119892508605178,
            "f": 0.49617159854007264
        }
    },
    "meteor": 0.5737359041525296,
    "bertscore": {
        "P": 0.9297292828559875,
        "R": 0.9053691625595093,
        "F1": 0.9169335961341858
    },
    "MoverScore": 0.6361614189189776
}