{
    "Bleu@1": 0.18058846006877646,
    "Bleu@2": 0.084187954036487,
    "Bleu@3": 0.04845909241973699,
    "Bleu@4": 0.03187973430102361,
    "rouge": {
        "rouge-1": {
            "r": 0.20572734876384158,
            "p": 0.21320220423692648,
            "f": 0.18802817418486809
        },
        "rouge-2": {
            "r": 0.060751798454520695,
            "p": 0.059341240600505565,
            "f": 0.05203540184843593
        },
        "rouge-l": {
            "r": 0.18551106923934252,
            "p": 0.19241388192144465,
            "f": 0.16967300903624669
        }
    },
    "meteor": 0.18453488818352723,
    "bertscore": {
        "P": 0.8419802188873291,
        "R": 0.8100748658180237,
        "F1": 0.825443685054779
    },
    "MoverScore": 0.5325389525074228
}