{
    "Bleu@1": 0.29087306836508503,
    "Bleu@2": 0.12729591046492136,
    "Bleu@3": 0.05499495469829536,
    "Bleu@4": 0.024740666397926454,
    "rouge": {
        "rouge-1": {
            "r": 0.2593238602151008,
            "p": 0.2724236525607567,
            "f": 0.26187032402534954
        },
        "rouge-2": {
            "r": 0.06555466865943918,
            "p": 0.06442580763978817,
            "f": 0.06390515581379959
        },
        "rouge-l": {
            "r": 0.2356535750740739,
            "p": 0.24709197888372297,
            "f": 0.23774446091075183
        }
    },
    "meteor": 0.21510371007877233,
    "bertscore": {
        "P": 0.8639365434646606,
        "R": 0.860561192035675,
        "F1": 0.8621798753738403
    },
    "MoverScore": 0.557671960386307
}