{
    "Bleu@1": 0.10675025351825698,
    "Bleu@2": 0.05838183736082356,
    "Bleu@3": 0.03904431267034144,
    "Bleu@4": 0.02883486205832209,
    "rouge": {
        "rouge-1": {
            "r": 0.35433810678694555,
            "p": 0.17076436953591784,
            "f": 0.21812554297833528
        },
        "rouge-2": {
            "r": 0.1422968001470924,
            "p": 0.05280362299301862,
            "f": 0.07096096301659806
        },
        "rouge-l": {
            "r": 0.3135654650257461,
            "p": 0.1503364191200103,
            "f": 0.19212394444328385
        }
    },
    "meteor": 0.14036664290998424,
    "bertscore": {
        "P": 0.8440254330635071,
        "R": 0.8553416728973389,
        "F1": 0.8493731021881104
    },
    "MoverScore": 0.5390738406763407
}