{
    "Bleu@1": 0.5316353345460821,
    "Bleu@2": 0.46436787325108203,
    "Bleu@3": 0.41853926777783435,
    "Bleu@4": 0.38244933657947494,
    "rouge": {
        "rouge-1": {
            "r": 0.5915282527584305,
            "p": 0.6662186742772168,
            "f": 0.6095822633892873
        },
        "rouge-2": {
            "r": 0.4629836525433289,
            "p": 0.5273577714804788,
            "f": 0.47851294342203965
        },
        "rouge-l": {
            "r": 0.5746917438096139,
            "p": 0.6467372600280957,
            "f": 0.5923746544505533
        }
    },
    "meteor": 0.6457708468683039,
    "bertscore": {
        "P": 0.935858964920044,
        "R": 0.9233724474906921,
        "F1": 0.9292327761650085
    },
    "MoverScore": 0.6996131059350899
}