{"Bleu@1": 0.3330262551817904, "Bleu@2": 0.1741995654908518, "Bleu@3": 0.09489004337596094, "Bleu@4": 0.05523640236647575, "rouge": {"rouge-1": {"r": 0.29555909231402244, "p": 0.342764313319199, "f": 0.31068448123303044}, "rouge-2": {"r": 0.09310171569987613, "p": 0.10370389143925558, "f": 0.09516169692087002}, "rouge-l": {"r": 0.26112207569619617, "p": 0.3040346140450476, "f": 0.2747179167234011}}, "meteor": 0.2556379514349007, "bertscore": {"P": 0.8754138946533203, "R": 0.8668424487113953, "F1": 0.871035099029541}, "MoverScore": 0.5712055093328873}